<?xml version="1.0" encoding="UTF-8"?>
<project-private xmlns="http://www.netbeans.org/ns/project-private/1">
    <editor-bookmarks xmlns="http://www.netbeans.org/ns/editor-bookmarks/2" lastBookmarkId="0"/>
    <open-files xmlns="http://www.netbeans.org/ns/projectui-open-files/2">
        <group>
            <file>file:/E:/TaxPayment/BCP_question_generator/web/generate.jsp</file>
            <file>file:/E:/TaxPayment/BCP_question_generator/web/login.jsp</file>
            <file>file:/E:/TaxPayment/BCP_question_generator/web/profile_teacher.jsp</file>
            <file>file:/E:/TaxPayment/BCP_question_generator/web/login_admin.jsp</file>
            <file>file:/E:/TaxPayment/BCP_question_generator/web/upload_question.jsp</file>
            <file>file:/E:/TaxPayment/BCP_question_generator/web/home.jsp</file>
            <file>file:/E:/TaxPayment/BCP_question_generator/src/java/generatePDF.java</file>
        </group>
    </open-files>
</project-private>
